Workbook

Sheet Raw Data
A1: Transaction ID | B1: Date | C1: Customer ID | D1: Gender | E1: Age | F1: Product Category | G1: Quantity | H1: Price per Unit | I1: Total Amount
A2: 1 | B2: 45254 | C2: CUST001 | D2: Male | E2: 34 | F2: Beauty | G2: 3 | H2: 50 | I2: 150
A3: 2 | B3: 44984 | C3: CUST002 | D3: Female | E3: 26 | F3: Clothing | G3: 2 | H3: 500 | I3: 1000
A4: 3 | B4: 44939 | C4: CUST003 | D4: Male | E4: 50 | F4: Electronics | G4: 1 | H4: 30 | I4: 30
A5: 4 | B5: 45067 | C5: CUST004 | D5: Male | E5: 37 | F5: Clothing | G5: 1 | H5: 500 | I5: 500
A6: 5 | B6: 45052 | C6: CUST005 | D6: Male | E6: 30 | F6: Beauty | G6: 2 | H6: 50 | I6: 100
A7: 6 | B7: 45041 | C7: CUST006 | D7: Female | E7: 45 | F7: Beauty | G7: 1 | H7: 30 | I7: 30
A8: 7 | B8: 44998 | C8: CUST007 | D8: Male | E8: 46 | F8: Clothing | G8: 2 | H8: 25 | I8: 50
A9: 8 | B9: 44979 | C9: CUST008 | D9: Male | E9: 30 | F9: Electronics | G9: 4 | H9: 25 | I9: 100
A10: 9 | B10: 45273 | C10: CUST009 | D10: Male | E10: 63 | F10: Electronics | G10: 2 | H10: 300 | I10: 600
A11: 10 | B11: 45206 | C11: CUST010 | D11: Female | E11: 52 | F11: Clothing | G11: 4 | H11: 50 | I11: 200
A12: 11 | B12: 44971 | C12: CUST011 | D12: Male | E12: 23 | F12: Clothing | G12: 2 | H12: 50 | I12: 100
A13: 12 | B13: 45229 | C13: CUST012 | D13: Male | E13: 35 | F13: Beauty | G13: 3 | H13: 25 | I13: 75
... A201: 200 | B201: 45170 | C201: CUST200 | D201: Male | E201: 27 | F201: Beauty | G201: 3 | H201: 50 | I201: 150
F202: =COUNTA(F2:F201) -> 200 | I202: =SUM(I2:I201) -> 103635

Sheet Commission
A1: Transaction ID | B1: Product Category | C1: Quantity | D1: Total Amount | E1: Commission Rate | F1: Commission Payout | H1: Minimum Sales | I1: Commission Rate
A2: 1 | B2: Beauty | C2: 3 | D2: 150 | E2: =_xlfn.XLOOKUP(D2,H$2:H$5,I$2:I$5,0,-1) -> 0.025 | F2: =D2*E2 -> 3.75 | H2: 0 | I2: 0.025
A3: 2 | B3: Clothing | C3: 2 | D3: 1000 | E3: =_xlfn.XLOOKUP(D3,H$2:H$5,I$2:I$5,0,-1) -> 0.075 | F3: =D3*E3 -> 75 | H3: 500 | I3: 0.05
A4: 3 | B4: Electronics | C4: 1 | D4: 30 | E4: =_xlfn.XLOOKUP(D4,H$2:H$5,I$2:I$5,0,-1) -> 0.025 | F4: =D4*E4 -> 0.75 | H4: 1000 | I4: 0.075
A5: 4 | B5: Clothing | C5: 1 | D5: 500 | E5: =_xlfn.XLOOKUP(D5,H$2:H$5,I$2:I$5,0,-1) -> 0.05 | F5: =D5*E5 -> 25 | H5: 2000 | I5: 0.1
A6: 5 | B6: Beauty | C6: 2 | D6: 100 | E6: =_xlfn.XLOOKUP(D6,H$2:H$5,I$2:I$5,0,-1) -> 0.025 | F6: =D6*E6 -> 2.5
A7: 6 | B7: Beauty | C7: 1 | D7: 30 | E7: =_xlfn.XLOOKUP(D7,H$2:H$5,I$2:I$5,0,-1) -> 0.025 | F7: =D7*E7 -> 0.75
A8: 7 | B8: Clothing | C8: 2 | D8: 50 | E8: =_xlfn.XLOOKUP(D8,H$2:H$5,I$2:I$5,0,-1) -> 0.025 | F8: =D8*E8 -> 1.25
A9: 8 | B9: Electronics | C9: 4 | D9: 100 | E9: =_xlfn.XLOOKUP(D9,H$2:H$5,I$2:I$5,0,-1) -> 0.025 | F9: =D9*E9 -> 2.5
A10: 9 | B10: Electronics | C10: 2 | D10: 600 | E10: =_xlfn.XLOOKUP(D10,H$2:H$5,I$2:I$5,0,-1) -> 0.05 | F10: =D10*E10 -> 30
A11: 10 | B11: Clothing | C11: 4 | D11: 200 | E11: =_xlfn.XLOOKUP(D11,H$2:H$5,I$2:I$5,0,-1) -> 0.025 | F11: =D11*E11 -> 5
A12: 11 | B12: Clothing | C12: 2 | D12: 100 | E12: =_xlfn.XLOOKUP(D12,H$2:H$5,I$2:I$5,0,-1) -> 0.025 | F12: =D12*E12 -> 2.5
A13: 12 | B13: Beauty | C13: 3 | D13: 75 | E13: =_xlfn.XLOOKUP(D13,H$2:H$5,I$2:I$5,0,-1) -> 0.025 | F13: =D13*E13 -> 1.875
A14: 13 | B14: Electronics | C14: 3 | D14: 1500 | E14: =_xlfn.XLOOKUP(D14,H$2:H$5,I$2:I$5,0,-1) -> 0.075 | F14: =D14*E14 -> 112.5
A15: 14 | B15: Clothing | C15: 4 | D15: 120 | E15: =_xlfn.XLOOKUP(D15,H$2:H$5,I$2:I$5,0,-1) -> 0.025 | F15: =D15*E15 -> 3
A16: 15 | B16: Electronics | C16: 4 | D16: 2000 | E16: =_xlfn.XLOOKUP(D16,H$2:H$5,I$2:I$5,0,-1) -> 0.1 | F16: =D16*E16 -> 200
A17: 16 | B17: Clothing | C17: 3 | D17: 1500 | E17: =_xlfn.XLOOKUP(D17,H$2:H$5,I$2:I$5,0,-1) -> 0.075 | F17: =D17*E17 -> 112.5
... A201: 200 | B201: Beauty | C201: 3 | D201: 150 | E201: =_xlfn.XLOOKUP(D201,H$2:H$5,I$2:I$5,0,-1) -> 0.025 | F201: =D201*E201 -> 3.75

Sheet Summary Tables
A1: Product Category | B1: Total Revenue | C1: Total Orders | D1: Male orders | E1: Female orders | F1: Average Order Value | G1: Commission
A2: Beauty | B2: =SUMIFS('Raw Data'!I:I,'Raw Data'!F:F,A2) -> 32845 | C2: =COUNTIF('Raw Data'!F:F,'Summary Tables'!A2) -> 65 | D2: =COUNTIFS('Raw Data'!D:D,'Summary Tables'!A$12,'Raw Data'!F:F,_productorders[[#This Row],[Product Category]]) -> 30 | E2: =COUNTIFS('Raw Data'!D:D,'Summary Tables'!A$13,'Raw Data'!F:F,_productorders[[#This Row],[Product Category]]) -> 35 | F2: =_productorders[[#This Row],[Total Revenue]]/_productorders[[#This Row],[Total Orders]] -> 505.30769 | G2: =SUMIFS(Commission!F:F,Commission!B:B,_productorders[[#This Row],[Product Category]]) -> 2211.125
A3: Clothing | B3: =SUMIFS('Raw Data'!I:I,'Raw Data'!F:F,A3) -> 29460 | C3: =COUNTIF('Raw Data'!F:F,'Summary Tables'!A3) -> 74 | D3: =COUNTIFS('Raw Data'!D:D,'Summary Tables'!A$12,'Raw Data'!F:F,_productorders[[#This Row],[Product Category]]) -> 38 | E3: =COUNTIFS('Raw Data'!D:D,'Summary Tables'!A$13,'Raw Data'!F:F,_productorders[[#This Row],[Product Category]]) -> 36 | F3: =_productorders[[#This Row],[Total Revenue]]/_productorders[[#This Row],[Total Orders]] -> 398.10811 | G3: =SUMIFS(Commission!F:F,Commission!B:B,_productorders[[#This Row],[Product Category]]) -> 1791.5
A4: Electronics | B4: =SUMIFS('Raw Data'!I:I,'Raw Data'!F:F,A4) -> 41330 | C4: =COUNTIF('Raw Data'!F:F,'Summary Tables'!A4) -> 61 | D4: =COUNTIFS('Raw Data'!D:D,'Summary Tables'!A$12,'Raw Data'!F:F,_productorders[[#This Row],[Product Category]]) -> 32 | E4: =COUNTIFS('Raw Data'!D:D,'Summary Tables'!A$13,'Raw Data'!F:F,_productorders[[#This Row],[Product Category]]) -> 29 | F4: =_productorders[[#This Row],[Total Revenue]]/_productorders[[#This Row],[Total Orders]] -> 677.54098 | G4: =SUMIFS(Commission!F:F,Commission!B:B,_productorders[[#This Row],[Product Category]]) -> 3245.75
A6: Metric | B6: Value
A7: Total Commission Paid | B7: =SUM(Commission!F:F) -> 7248.375
A8: Average Commission Rate | B8: =AVERAGE(Commission!E:E) -> 0.042
A9: Highest Single Commission | B9: =MAX(Commission!F:F) -> 200
A11: Gender | B11: Total Orders | C11: Clothing | D11: Beauty | E11: Electronics | F11: Total Sales | G11: Average Spending
A12: Male | B12: =COUNTIF('Raw Data'!D:D,'Summary Tables'!A12) -> 100 | C12: =COUNTIFS('Raw Data'!D:D,_genderwise[[#This Row],[Gender]],'Raw Data'!F:F,_genderwise[[#Headers],[Clothing]]) -> 38 | D12: =COUNTIFS('Raw Data'!D:D,_genderwise[[#This Row],[Gender]],'Raw Data'!F:F,_genderwise[[#Headers],[Beauty]]) -> 30 | E12: =COUNTIFS('Raw Data'!D:D,_genderwise[[#This Row],[Gender]],'Raw Data'!F:F,_genderwise[[#Headers],[Electronics]]) -> 32 | F12: =SUMIFS('Raw Data'!I:I,'Raw Data'!D:D,'Summary Tables'!A12) -> 51240 | G12: =F12/B12 -> 512.4
A13: Female | B13: =COUNTIF('Raw Data'!D:D,'Summary Tables'!A13) -> 100 | C13: =COUNTIFS('Raw Data'!D:D,_genderwise[[#This Row],[Gender]],'Raw Data'!F:F,_genderwise[[#Headers],[Clothing]]) -> 36 | D13: =COUNTIFS('Raw Data'!D:D,_genderwise[[#This Row],[Gender]],'Raw Data'!F:F,_genderwise[[#Headers],[Beauty]]) -> 35 | E13: =COUNTIFS('Raw Data'!D:D,_genderwise[[#This Row],[Gender]],'Raw Data'!F:F,_genderwise[[#Headers],[Electronics]]) -> 29 | F13: =SUMIFS('Raw Data'!I:I,'Raw Data'!D:D,'Summary Tables'!A13) -> 52395 | G13: =F13/B13 -> 523.95
A15: Age Tier | B15: Total Orders | C15: Total Sales | D15: Average Spending
A16: Young Adult (18 - 29) | B16: =COUNTIFS('Raw Data'!E:E,"<30") -> 52 | C16: =SUMIFS('Raw Data'!I:I,'Raw Data'!E:E,"<30") -> 26355 | D16: =C16/B16 -> 506.82692
A17: Middle Age (30 - 49) | B17: =COUNTIFS('Raw Data'!E:E,">=30",'Raw Data'!E:E,"<50") -> 91 | C17: =SUMIFS('Raw Data'!I:I,'Raw Data'!E:E,">=30",'Raw Data'!E:E,"<50") -> 50485 | D17: =C17/B17 -> 554.78022
A18: Seniors (50+) | B18: =COUNTIF('Raw Data'!E:E,">=50") -> 57 | C18: =SUMIFS('Raw Data'!I:I,'Raw Data'!E:E,">=50") -> 26795 | D18: =C18/B18 -> 470.08772

Sheet Dashboard
A1: Total Revenue | E1: Total Transactions | I1: Total Commission
A2: =SUM(_productorders[Total Revenue]) -> 103635 | E2: =SUM(_productorders[Total Orders]) -> 200 | I2: ='Summary Tables'!B7 -> 7248.375
